{"cameraMode":{"drawMode":0,"name":"Shaded","section":"Shading Mode"},"sceneLighting":true,"audioPlay":false,"sceneViewState":{"showFog":false,"showMaterialUpdate":false,"showSkybox":false,"showFlares":false,"showImageEffects":false,"showParticleSystems":false},"in2DMode":false,"pivot":{"x":-26.044937133789064,"y":2.3346781730651857,"z":-12.878791809082032},"rotation":{"x":0.03956928849220276,"y":-0.6388652324676514,"z":0.032630935311317447,"w":0.7676113843917847},"size":9.087145805358887,"orthographic":false}