{"cameraMode":{"drawMode":0,"name":"Shaded","section":"Shading Mode"},"sceneLighting":true,"audioPlay":false,"sceneViewState":{"showFog":false,"showMaterialUpdate":false,"showSkybox":false,"showFlares":false,"showImageEffects":false,"showParticleSystems":false},"in2DMode":false,"pivot":{"x":-20.28826332092285,"y":1.3130414485931397,"z":-22.3406982421875},"rotation":{"x":0.10075754672288895,"y":0.8528038859367371,"z":-0.17948195338249207,"w":0.47996073961257937},"size":6.516597747802734,"orthographic":false}