{"cameraMode":{"drawMode":2,"name":"Shaded Wireframe","section":"Shading Mode"},"sceneLighting":false,"audioPlay":false,"sceneViewState":{"showFog":false,"showMaterialUpdate":false,"showSkybox":false,"showFlares":false,"showImageEffects":false,"showParticleSystems":false},"in2DMode":false,"pivot":{"x":-0.0001615285873413086,"y":1.137768268585205,"z":0.0010955333709716797},"rotation":{"x":0.22167113423347474,"y":0.3385160565376282,"z":-0.08258315175771713,"w":0.9107763767242432},"size":5.46380090713501,"orthographic":false}