{"cameraMode":{"drawMode":0,"name":"Shaded","section":"Shading Mode"},"sceneLighting":true,"audioPlay":false,"sceneViewState":{"showFog":false,"showMaterialUpdate":false,"showSkybox":false,"showFlares":false,"showImageEffects":false,"showParticleSystems":false},"in2DMode":false,"pivot":{"x":-10.71375846862793,"y":0.7521029710769653,"z":-0.1279299259185791},"rotation":{"x":0.17967118322849275,"y":0.497170090675354,"z":-0.10636351257562638,"w":0.8423182368278503},"size":4.7710676193237309,"orthographic":false}