{"cameraMode":{"drawMode":0,"name":"Shaded","section":"Shading Mode"},"sceneLighting":true,"audioPlay":false,"sceneViewState":{"showFog":false,"showMaterialUpdate":false,"showSkybox":false,"showFlares":false,"showImageEffects":false,"showParticleSystems":false},"in2DMode":false,"pivot":{"x":-15.546236991882325,"y":3.7220659255981447,"z":-2.3417041301727297},"rotation":{"x":0.10075754672288895,"y":0.8528038859367371,"z":-0.17948195338249207,"w":0.47996073961257937},"size":9.281756401062012,"orthographic":false}