{"cameraMode":{"drawMode":0,"name":"Shaded","section":"Shading Mode"},"sceneLighting":true,"audioPlay":false,"sceneViewState":{"showFog":false,"showMaterialUpdate":false,"showSkybox":false,"showFlares":false,"showImageEffects":false,"showParticleSystems":false},"in2DMode":false,"pivot":{"x":-27.208898544311525,"y":8.18081283569336,"z":-13.908137321472168},"rotation":{"x":0.10793690383434296,"y":0.7045397758483887,"z":-0.11011431366205216,"w":0.6927140355110169},"size":9.087145805358887,"orthographic":false}