{"cameraMode":{"drawMode":2,"name":"Shaded Wireframe","section":"Shading Mode"},"sceneLighting":false,"audioPlay":false,"sceneViewState":{"showFog":false,"showMaterialUpdate":false,"showSkybox":false,"showFlares":false,"showImageEffects":false,"showParticleSystems":false},"in2DMode":false,"pivot":{"x":0.5473425388336182,"y":-0.004370212554931641,"z":13.000986099243164},"rotation":{"x":0.13161376118659974,"y":0.068694569170475,"z":-0.009214630350470543,"w":0.9889625310897827},"size":26.963159561157228,"orthographic":false}